Introduction, Address, RSS feed, tags
透明创业实验, https://blog.t9t.io, https://blog.t9t.io/atom.xml, 创业; 编程; 开源
阮一峰的网络日志, http://www.ruanyifeng.com/blog, http://feeds.feedburner.com/ruanyifeng, 创业; 编程; 前端
酷 壳 – CoolShell, https://coolshell.cn, http://coolshell.cn/feed, 编程
张鑫旭-鑫空间-鑫生活, http://www.zhangxinxu.com, http://www.zhangxinxu.com/wordpress/?feed=rss2, 编程; 前端
蚊子前端博客, https://www.xiabingbao.com, https://www.xiabingbao.com/atom.xml, 编程; 前端
DIYGod - 写代码是热爱，写到世界充满爱!, https://diygod.me, https://diygod.me/atom.xml, 编程; 开源
MacTalk-池建强的随想录, http://macshuo.com, http://macshuo.com/?feed=rss2, 编程; iOS
ShrekShao, http://shrekshao.github.io, http://shrekshao.github.io/feed.xml, 编程
云风的 BLOG, https://blog.codingnow.com, http://blog.codingnow.com/atom.xml, 编程
全栈应用开发:精益实践, https://www.phodal.com, https://www.phodal.com/blog/feeds/rss/, 编程
追梦人物的博客, https://www.zmrenwu.com, https://www.zmrenwu.com/all/rss/, 编程
Python 工匠, https://www.zlovezl.cn, https://www.zlovezl.cn/feeds/latest/, 编程
小明明S À DOMICILE, https://www.dongwm.com, https://www.dongwm.com/atom.xml, 编程
但行好事，莫问前程, https://windard.com, https://windard.com/feed.xml, 编程
罗磊的独立博客, https://luolei.org, http://luolei.org/feed/, 编程; 旅行
阁子, https://newdee.cf, https://newdee.cf/atom.xml, 编程; 算法; 生活
RidiQulous, https://ridiqulous.com, https://ridiqulous.com/feed, 图像处理; 乐高
代码家, https://daimajia.com, https://daimajia.com/feed, 编程; 投资
开源实验室, https://kymjs.com, https://www.kymjs.com/feed.xml, 编程
技术小黑屋, https://droidyue.com, https://droidyue.com/atom.xml, 编程
vzard's blog, https://vzardlloo.github.io, https://vzardlloo.github.io/atom.xml, 编程
魔王不造反, https://blog.biezhi.me, https://blog.biezhi.me/feed.xml, 编程
后端技术杂谈, https://www.rowkey.me, https://www.rowkey.me/atom.xml, 编程
zhonger 前端开发者，喜爱运维管理, https://lisz.io, https://lisz.io/feed.xml, 编程
依云's Blog, https://blog.lilydjwg.me, https://blog.lilydjwg.me/posts.rss, 编程
INTJer, https://arminli.com, https://arminli.com/feed/, 编程
思圆笔记, https://hintsnet.com/, https://hintsnet.com/pimgeek/feed/, 编程
David前端技术分享, https://www.daweilv.com, https://www.daweilv.com/atom.xml, 编程
前端工程师 Toweave, https://toweave.github.io, https://toweave.github.io/rss.xml, 编程
老周快救我, https://zxx.im, https://zxx.im/feed, 编程
MouT.me, https://mout.me, https://ghost.mout.me/rss/, 编程
diss带码, https://dumplingbao.github.io, https://dumplingbao.github.io/atom.xml, 编程
王登科-DK博客, https://greatdk.com, https://greatdk.com/feed, 编程; 创业
chai2010 的博客, https://chai2010.cn, https://chai2010.cn/index.xml, 编程
笨方法学写作, https://www.cnfeat.com, https://www.cnfeat.com/feed.xml, 编程
云原生, https://jimmysong.io, https://jimmysong.io/index.xml, 编程
Hawstein's Blog, http://hawstein.com, http://hawstein.com/feed.xml, 编程
Skywind Inside, http://www.skywind.me/blog, http://www.skywind.me/blog/feed, 编程
某岛, http://www.shuizilong.com/house, http://www.shuizilong.com/house/feed/, 编程
陈沙克日志, http://www.chenshake.com, http://www.chenshake.com/feed/, 编程
Cat in Chinese, https://chinese.catchen.me, http://chinese.catchen.me/feeds/posts/default, 编程
Randy's Blog, https://lutaonan.com, https://lutaonan.com/rss.xml, 编程
iTimothy, https://xiaozhou.net, https://xiaozhou.net/atom.xml, 编程
F.B, http://www.fanbing.net, http://www.fanbing.net/feed, 编程
idea's blog, http://www.ideawu.net/blog, http://www.ideawu.net/blog/feed, 编程
透明思考, http://gigix.thoughtworkers.org, http://gigix.thoughtworkers.org/atom.xml, 编程
xiaix's Blog, https://xiaix.me, http://xiaix.me/rss/, 编程
搞笑談軟工, http://teddy-chen-tw.blogspot.com, http://teddy-chen-tw.blogspot.com/feeds/posts/default, 编程
The Will Will Web, https://blog.miniasp.com, https://feeds.feedburner.com/TheWillWillWeb, 编程
程序师, https://www.techug.com, http://www.techug.com/feed, 编程
花钱的年华, http://calvin1978.blogcn.com, http://calvin1978.blogcn.com/feed, 编程
解道jdon.com, https://www.jdon.com, https://www.jdon.com/jivejdon/rss, 编程
小胡子哥的个人网站, https://www.barretlee.com, http://www.barretlee.com/rss2.xml, 编程
晚晴幽草轩, https://www.jeffjade.com, https://www.jeffjade.com/atom.xml, 编程
林小沐, https://immmmm.com, http://feed.immmmm.com/, 编程
HelloDog, https://wsgzao.github.io, https://wsgzao.github.io/atom.xml, 编程
the5fire的技术博客, https://www.the5fire.com, http://www.the5fire.com/rss, 编程
余海峯 David 物理喵 phycat, https://hfdavidyu.com, https://hfdavidyu.com/feed/, 物理
水星投资理财, http://mercurychong.blogspot.com, http://mercurychong.blogspot.com/feeds/posts/default, 投资
Mr. PM 下午先生, http://mrpm.cc, http://feeds.feedburner.com/pmmustknow, 编程
人人都是产品经理——iamsujie, http://iamsujie.com, http://iamsujie.com/feed/, 编程; 产品
轉個彎日誌, http://blog.turn.tw, http://blog.turn.tw/?feed=rss2, 编程
余果的博客, https://yuguo.us, http://feeds.feedburner.com/yuguo, 编程; 产品
O3noBLOG, https://blog.othree.net, https://feeds.feedburner.com/othree, 编程
Vivaxy's blog, https://vivaxyblog.github.io, https://vivaxyblog.github.io/atom.xml, 编程
Debug客栈, https://www.debuginn.cn, https://www.debuginn.cn/feed, 编程; PHP
Origin's blog, https://blog.singee.me, https://blog.singee.me/atom.xml, 编程
isaced, http://www.isaced.com, http://www.isaced.com/index.xml, 编程
Jason, https://atjason.com, https://atjason.com/atom.xml, 编程
forecho 的独立博客, https://blog.forecho.com, https://blog.forecho.com/atom.xml, 编程
Jack Liu博客, https://www.jack-liu.com, https://www.jack-liu.com/rss.php, 编程
GeekPlux, https://geekplux.com, https://geekplux.com/atom.xml, 编程
王子亭的博客, https://jysperm.me, https://jysperm.me/atom.xml, 编程
EGOIST 庶民样本, https://egoist.moe/, https://egoist.moe/atom.xml, 编程; 前端; 开源
王垠的博客, https://www.yinwang.org/, https://rsshub.app/blogs/wangyin, 编程
扯氮集, http://weiwuhui.com/, http://weiwuhui.com/feed, 创业; 人生
小撸, http://www.60sky.com/, http://www.60sky.com/index.php/feed/, 编程
Aiur · Zellux 的博客, https://blog.yxwang.me/, https://blog.yxwang.me/index.xml, 编程; 智能家居
战隼的学习探索, http://www.read.org.cn/, http://www.read.org.cn/feed, 方法论
硕鼠的博客站, http://lukefan.com/, http://lukefan.com/?feed=rss2, 编程
黑·白, http://blog.xiayf.cn/, http://blog.xiayf.cn/feeds/rss.xml, 编程
小猿大圣, https://hufangyun.com/, https://hufangyun.com/atom.xml, 编程
囧克斯 勾三股四, https://jiongks.name, https://jiongks.name/atom.xml, 编程; 开源; 前端
冰糖橙子, http://www.btorange.com/, http://www.btorange.com/feed, 前端; 编程
Zeove'blog, https://zeove.com/, http://zeove.com/feed, 编程; 创业
冯唐博客, http://www.fengtang.com/blog/, http://www.fengtang.com/blog/?feed=rss2, 文学
Lucifr, https://lucifr.com/, https://lucifr.com/rss/, 产品
张戈博客, https://zhang.ge, https://zhang.ge/feed, 编程; 运维
ChrAlpha 的幻想乡（博客）, https://blog.ichr.me, https://blog.ichr.me/atom.xml, 笔记本; 技术向; 编程; 思考
褪墨・时间管理, https://www.mifengtd.cn/, https://www.mifengtd.cn/feed.xml, 时间管理
冰山一角, http://cnberg.div.io/, http://cnberg.div.io/feed/, 编程; 旅行; 摄影
我爱自然语言处理, http://www.52nlp.cn/, http://www.52nlp.cn/feed, 编程; 机器学习
唐巧的博客, http://blog.devtang.com/, http://blog.devtang.com/atom.xml, 编程; 创业; iOS
OneV's Den, https://onevcat.com/#blog, https://onevcat.com/feed.xml, 编程; iOS
Garan no dou, https://blog.ibireme.com/, https://blog.ibireme.com/feed/, 编程; 开源; iOS
可能吧, https://kenengba.com/, http://feeds.kenengba.com/kenengbarss, 创业
鸟窝, https://colobu.com/, https://colobu.com/atom.xml, 编程
火丁笔记, https://blog.huoding.com/, http://huoding.com/feed, 编程
libfeihu Blog, http://feihu.me/blog/, http://feihu.me/blog/feed.atom, 编程
Nic Lin's Blog, https://blog.niclin.tw/, https://blog.niclin.tw/index.xml, 编程
Halfrost's Field, https://halfrost.com/, http://halfrost.com/rss/, 编程
limboy's HQ, https://limboy.me, http://feeds.feedburner.com/lzyy, 编程; 设计
sunnyxx的技术博客, http://blog.sunnyxx.com/, http://blog.sunnyxx.com/atom.xml, 编程; iOS
阿毛的蛋疼地, https://xiangwangfeng.com/, https://xiangwangfeng.com/atom.xml, 编程; 开源
Kevin Blog, https://zhowkev.in/, https://zhowkev.in/rss/, 编程; 创业
bang's blog, http://blog.cnbang.net/, http://blog.cnbang.net/feed/, 编程; 开源
I'm TualatriX, https://imtx.me, http://feeds.feedburner.com/tualatrix, 编程; 开源
Wujunze's Blog, https://wujunze.com, https://wujunze.com/index.xml, 编程; 架构; 旅行
某行人, https://blog.just4fun.site, https://blog.just4fun.site/index.xml, 编程; 教育; 随笔; 诗; 哲学
Est's Blog, https://blog.est.im/, http://feeds.feedburner.com/initiative, 编程; 创业; 哲学
Wiken, https://www.hehuapei.com, https://www.hehuapei.com/feed, 编程; 随笔; 开源
炸裂志, https://zhaliezhi.com/, https://zhaliezhi.com/feed.xml, 骑行; 旅行; 播客
kok的笔记本, https://wocai.de, https://wocai.de/index.xml/, 编程; 摄影
搞搞震, https://wujingquan.com, https://wujingquan.com/atom.xml, 编程; 开源
Qt进阶之路-涛哥的博客, https://jaredtao.github.io/, https://jaredtao.github.io/atom.xml, 编程; Qt
Fred Wu's Blog, https://fredwu.me/, https://fredwu.me/rss.xml, 编程; 开源; 摄影; 设计; 领导; 澳洲
吃面条么, https://chi.miantiao.me, http://feed.miantiao.me/, 编程; 开源; 前端
ISLAND, https://youngxhui.top, https://youngxhui.top/index.xml, 编程; 生活; 随笔
贺叶霜的树, https://blog.heysh.xyz/, https://blog.heysh.xyz/feed.xml, 开源; 生活
Frytea's Blog, https://blog.frytea.com, https://blog.frytea.com/feed, 编程; 思考; 高效
Mohuishou's Blog, https://lailin.xyz, https://lailin.xyz/atom.xml, 编程; Go
算法花园, https://xiang578.com, https://xiang578.com/atom.xml, 编程; 算法; 随笔
1A23 Studio, https://1a23.com/, https://1a23.com/feed/, 编程; 设计; 音乐; 开源
Jiajun的编程随想, https://jiajunhuang.com/, https://jiajunhuang.com/rss, 编程; 开源; 随想
忘归, http://jalan.space/, http://jalan.space/atom.xml, 编程; 后端; 生活
贼拉正经的技术博客, https://www.stackoverflow.wiki/, https://stackoverflow.wiki/blog/rss.xml, 编程; 后端; Java
Lenix Blog, https://blog.p2hp.com/, https://blog.p2hp.com/feed, 编程; 后端; WEB开发
西秦公子, https://www.ixiqin.com/, https://www.ixiqin.com/feed/, 编程; 开源
Placeholder, https://www.luotaoruby.me, https://www.luotaoruby.me/rss.xml, 编程; 随笔
OnionTalk, https://hateonion.me, https://hateonion.me/index.xml, 编程; 前端; 随笔
Nicksxs's Blog, https://nicksxs.me, https://nicksxs.me/atom.xml, 编程; 后端; Java; PHP
Allen's Blog, https://www.capallen.top, https://www.capallen.top/atom.xml, 编程; 数据科学
谢益辉, https://yihui.name/cn/, http://yihui.name/cn/feed/, 编程; 统计学; 开源
木遥的窗子, http://blog.farmostwood.net/, http://blog.farmostwood.net/feed, 数学; 小说; 随笔
卢昌海的个人主页, https://www.changhai.org/, http://www.changhai.org/feed.xml, 物理; 科普
UsubeniFantasy, https://ssshooter.com, https://ssshooter.com/rss.xml, 前端; 随想; 游戏; 摄影
博言技术杂谈, https://boyn.top, https://boyn.top/atom.xml, 编程; 后端; Java; Linux
Alexander D Huang's Blog, https://alxddh.github.io, https://alxddh.github.io/feed.xml, 编程; 游戏
KAIX.IN, https://kaix.in, https://kaix.in/feed, 读书; 咖啡; 随笔
朝舞, https://ii74.com, https://ii74.com/feed.php, 编程; 随笔
Matrix67: The Aha Moments, http://www.matrix67.com/blog/, http://www.matrix67.com/blog/feed, 数学; 编程
Livid, https://livid.v2ex.com/, https://livid.v2ex.com/feed.xml, 创业; 社区; 编程
莫尔索, https://morso.space, https://morso.space/atom.xml, 编程; 设计; 思考
hanjm's Blog, https://www.imhanjm.com, https://www.imhanjm.com/atom.xml, 编程; GO; Golang; 后端
谢乾坤|青南, https://www.kingname.info/, https://www.kingname.info/atom.xml, 编程; Python; 爬虫
SEO 网站优化及网站推广, https://seo.g2soft.net/, https://seo.g2soft.net/atom.xml, 搜索引擎优化; 网站优化; 网站推广; 网站
高金的博客, https://igaojin.me/, https://igaojin.me/atom.xml, 编程; python; 区块链
神奇的战士, https://thinkhard.tech/, https://thinkhard.tech/atom.xml, 编程; 开源; 机器人; 教育
臨池不輟, https://keelii.com/, https://keelii.com/atom.xml, 编程; 前端; 软件开发; 思考
犀利豆的博客, https://xilidou.com, https://xilidou.com/atom.xml, 编程
Kuricat's Blog, https://kuricat.com, https://kuricat.com/rss, 编程; 思考; 云原生
碎裂之梦, https://h-cheung.gitlab.io, https://h-cheung.gitlab.io/index.xml, 算法; Linux; 随笔
庭说, https://tingtalk.me/, https://tingtalk.me/atom.xml, 科技互联网; 数字生活; 外贸; 设计; 排版; 随笔
遥行 Gofurther 技术&ML&BC博客, https://charlesliuyx.github.io/, https://charlesliuyx.github.io/atom.xml, 机器学习; 区块链; 算法; 幕布; Dota2
张凯强的博客, https://zkqiang.cn, https://zkqiang.cn/atom.xml, Python; 爬虫; Java; 后端
xulihang's blog, https://blog.xulihang.me, https://blog.xulihang.me/feed/, 编程; 翻译; 随笔
见字如面, https://hiwannz.com, https://hiwannz.com/feed, 产品; 思考; 生活
把酒诗代码, http://102no.com, http://www.102no.com/feed, 编程; 随笔
NotJustCode, https://article.mebtte.com, https://article.mebtte.com/rss.xml, 编程; 前端; 后端
ZWkang的技术博客, http://zwkang.com, http://zwkang.com/feed, 编程; 前端; 生活
江边的旱鸭子, https://blog.joouis.com, https://blog.joouis.com/atom.xml, 编程; 前端; 旅行; 阅读; 招聘
追风之影, http://www.devashen.com, http://www.devashen.com/atom.xml, 编程; iOS; 随笔
HansChen 的博客, http://blog.hanschen.site, http://blog.hanschen.site/atom.xml, 编程; Android
IPhysResearch, https://iphysresearch.github.io, , 编程; 科研; 物理; 开源
刘悦的技术博客, https://v3u.cn, , 编程; python; ruby; 前端
Desvl's blog, https://desvl.xyz, https://desvl.xyz/atom.xml, 数学
haokunt的博客, https://hkvision.cn, https://hkvision.cn/index.xml, Python; Golang; GIS; 编程
Deepzz's Blog, https://deepzz.com, https://deepzz.com/feed, 编程; 生活
lucifer的网络博客, https://lucifer.ren/blog, https://lucifer.ren/blog/atom.xml, 编程; 前端; 算法
多媒体开发札记, https://glumes.com, https://glumes.com/index.xml, 软件开发; 音视频; 图形图像; 随笔思考
Josherich的博客, https://www.josherich.me/, https://www.josherich.me/feed.xml, 编程; 随笔
AthorX's Blog, https://athorx.com/, https://athorx.com/rss.xml, 编程; Golang; 生活; 随笔
FlyingSky's Blog, https://blog.fsky7.com/, https://blog.fsky7.com/feed, 编程; 随笔
己羊的梦, https://www.jiyang00.cn/, https://www.jiyang00.cn/atom.xml, 文学; 小说
anran758's blog, https://anran758.github.io/blog/, https://anran758.github.io/blog/atom.xml, 编程; 前端
思有云, https://www.ioiox.com, https://www.ioiox.com/feed, 技术教程; 云服务; 私有云; 存储NAS; 群晖技巧; Synology
初等記憶體, https://axionl.me, https://axionl.me/index.xml, Linux 使用; 個人隨筆
城中村群租房, https://www.darmau.com, http://www.darmau.com/rss, 设计; 生活; 编程
五分钟学算法, https://www.cxyxiaowu.com, https://www.cxyxiaowu.com/feed, 算法; 编程
天可优可, https://jyzhu.top, https://jyzhu.top/feed, 编程; 随笔; 诗; 恋爱
爱写代码的小书童, https://zofun.github.io/, https://zofun.github.io/atom.xml, 编程; 随笔; 后端
yanliang's blog, https://gyl-coder.top/, https://gyl-coder.top/atom.xml, 后端; 算法; 随笔; 架构; 思考
Teach Talk, https://www.ttalk.im/, https://www.ttalk.im/rss.xml, Web; MQTT; XMPP; RabbitMQ; 翻译
逐鹿IT-猛猛如玉, https://amonxu.com/, https://amonxu.com/atom.xml, 编程; 思考; 随笔; 鬼画弧
Xiaoi's Blog, https://blog.xiaoi.me/, https://blog.xiaoi.me/feed.xml, 编程; 技术教程
小蘿蔔丁, http://xlbd.me/, http://xlbd.me/rss/, 编程; 前端
Drcus | 潜默, https://yazhen.me, , Gatsby; 随笔
Realcat, https://www.vincentqin.tech/, https://www.vincentqin.tech/atom.xml, 计算机视觉; 算法; 思考; 生活
悬铃木, https://blog.hbsun.top/, https://feedity.com/hbsun-top/UlJVWlFTUQ.rss, 算法; 编程; 后台开发
LIANYONGXING的博客, https://lianyongxing.github.io/, , 编程; 技术; 生活
范叶亮的博客, https://leovan.me/, https://leovan.me/rss, 编程; 算法; 数据科学; 智慧农业; 思考; 生活
自由人的 BLOG, https://ifttl.com, https://ifttl.com/index.xml, 生活; 读书; 随想; 编程
WEB VIEW, https://webview.tech/, http://webview.tech/category/original/feed/, 泛科技; 思考; 播客
后端进阶, https://objcoding.com/, https://objcoding.github.io/feed.xml, Java、Golang、分布式中间件、WEB框架、服务治理等等
Ahonn's Blog, https://www.ahonn.me/, https://www.ahonn.me/atom.xml, 编程; 前端; 生活
Panda Home, https://old-panda.com/, https://old-panda.com/feed/, 编程; 生活
游魂博客, https://www.iyouhun.com/, https://www.iyouhun.com/rss.php, 编程; 前端; 技术; 生活
蓝卡, https://www.lanka.cn/, https://www.lanka.cn/feed/, 科技; 数码; 技术; 生活
Yuuno Blog, https://yuuno.cc, https://yuuno.cc/atom.xml, 技术; 编程; 后端; 前端
自学路漫漫, https://blog.fxcdev.com, https://blog.fxcdev.com/feed/, 编程; 生活
CodeSky, https://codesky.me, https://codesky.me/feed/, 编程; 前端; 后端; 运维; 折腾
空之领域, https://xsky.me, https://xsky.me/feed/, 生活
Claude's Blog, https://claude-ray.github.io, https://claude-ray.github.io/atom.xml, 编程; 折腾
Just lepture, https://lepture.com/, https://lepture.com/feed.xml, 创业; 开源; 随笔
Lyric, https://lyric.im/, https://lyric.im/feed/rss2.xml, 产品; 创业; 编程
桑弧蓬矢射四方, https://iphyer.github.io/, https://iphyer.github.io/feed.xml, 深度学习; 科研; 生活
杂货屋, https://sword.studio/, https://sword.studio/feed, 技术; 分享; 记录
不才's blog, http://blog.ncgame.cc/, , 编程; 前端; 生活
沐凉, https://blog.cccccc.online, https://blog.cccccc.online/atom.xml, 编程; Java
idealclover, https://idealclover.top, https://idealclover.top/feed, 编程; 随笔; 思考; 生活
青空之蓝, https://blog.ixk.me, https://blog.ixk.me/feed, 编程; 随笔; Web开发
吴凯凯的博客, https://wukaikai.tech, , 编程; iOS
炎忍的博客, https://blog.endureblaze.cn/, https://blog.endureblaze.cn/atom.xml, 编程; 随笔; 生活; 折腾
啊哈呵嗨的博客, https://gylidian.js.org, https://gylidian.js.org/rss2.xml, 编程; 前端; 全栈; 任天堂; 专栏
easeapi blog, https://easeapi.com/blog, https://easeapi.com/blog/feed.xml, iOS; 开发; 产品; 生活
崎径 其镜赵安琪的博客, http://www.z16388.top/, http://www.z16388.top/atom.xml, 编程; 游戏; 音乐
The Art of Chawye Hsu, https://www.h404bi.com/, https://www.h404bi.com/feed/atom.xml, 编程; 游戏; 随笔; 杂谈
吕小荣的网志, https://mednoter.com/, https://mednoter.com/feed.xml, 编程; 随笔; 生活
加菲猫的创客工坊, https://gaficat.com, https://gaficat.com/atom.xml, 电子DIY; 物联网; 生活; 技术教程; 钢琴; 网络安全
胡涂说, https://hutusi.com/, https://hutusi.com/feed.xml, 编程; 随笔; 生活
风滚草, http://tuwee.cn/, , 算法; 深度学习; 人工智能; 编程
张佳圆, http://jiayuanzhang.com/, http://blog.jiayuanzhang.com/index.xml, 编程; Python; Web
四公子的剑, http://blogbo.org/, http://blogbo.org/atom.xml, 编程; 生活; 随笔
炸裂志, https://zhaliezhi.com, https://zhaliezhi.com/feed.xml, 单车; 旅行; 摄影
朱双印, http://www.zsythink.net/, , 运维; 编程
HUHUHANG, https://huhuhang.com/, https://huhuhang.com/feed, 机器学习; 应用推荐; 手机摄影
小明明s à domicile, https://www.dongwm.com/, https://www.dongwm.com/atom.xml, 编程; Python 大佬; k8s; 随笔
the5fire的技术博客, https://www.the5fire.com/, , 编程; Python 大佬; 算法; 随笔; 读书
LFhacks.com, https://www.lfhacks.com/, https://www.lfhacks.com/rss/, 日志; 测试; 数学
桃园, http://www.taoweng.site/, http://www.taoweng.site/feed, 编程; 随想; 前端
oldj's blog, https://oldj.net, https://oldj.net/feed, 编程; 写作; 以及涂鸦
以梦喂马, http://hwdef.com/, , 编程; 随笔; k8s; golang
Yiran's Blog, https://zdyxry.github.io/, https://zdyxry.github.io/atom.xml, 编程; Linux
沉维燕的个人博客, https://shen.bioinit.com, https://shen.bioinit.com/topic/index.xml, 生物信息学; IT; 编程
三省吾身丶丶, https://blog.guowenfh.com/, https://blog.guowenfh.com/atom.xml, 编程; 前端; 随笔
回未视戒, https://huiweishijie.com, https://huiweishijie.com/feed.xml, 设计; 读书; 日记
TRHX'S BLOG, https://www.itrhx.com/, https://www.itrhx.com/atom.xml, 编程; Python; 爬虫; 数据分析
闫鑫炎的博客, https://www.yanxingyan.cn/, https://www.yanxingyan.cn/atom.xml, 编程; 生活
老高的博客, https://blog.mute-g.com/, https://blog.mute-g.com/index.xml, 编程; 随笔; 架构
CallMeSoul, https://callmesoul.cn, https://callmesoul.cn/atom.xml, 编程; 前端
龚成博客, https://laogongshuo.com, https://laogongshuo.com/feed, 随想; 编程; 哲学; 经济学
Seven's blog, https://blog.diqigan.cn/, https://blog.diqigan.cn/atom.xml, 编程; 随笔; Geek; Java; Linux
东方之胱, https://east-bladder.com, https://east-bladder.com/atom.xml, 编程; 技术; 生活
治部少辅, https://www.codewoody.com, https://www.codewoody.com/atom.xml, 编程; 随笔; 新闻
CRIMX Blog, https://blog.crimx.com/, https://blog.crimx.com/rss.xml, 编程; 前端; 开源; 随笔
小非的物理小站, https://xiaophy.com/, , 物理; 开放科学; 随笔
Michael翔, https://michael728.github.io/, https://michael728.github.io/atom.xml, 编程; DevOps; 随笔
Dosk 技术站, https://www.dosk.win/, https://www.dosk.win/feed.xml, 编程; 前端; C++
会打篮球的程序猿, http://www.lzhpo.com, , 编程; 福利; 技术; 生活
仙神の小屋, https://aqours.life/, https://aqours.life/index.php/feed/, 编程; OI; 随笔; 思考
Xieisabug, https://www.xiejingyang.com/, https://www.xiejingyang.com/feed/, 编程; 前端; 随笔; 思考; 创意
郑泽鑫的博客, https://zhengzexin.com/, https://zhengzexin.com/feed/, 编程; 生物信息学; 生活
雷全的个人网站, https://leiquan.website/, , 编程; 文学; 科技; 生活
轶哥博客, https://www.wyr.me, , 编程; 全栈; 随笔
前端迷, https://ru23.com?fr=cib, https://ru23.com/atom.xml, 编程; 前端
清竹茶馆博客, https://blog.vadxq.com, , 编程; 前端; 全栈; 生活
隋堤倦客, https://fengxu.ink/, https://fengxu.ink/atom.xml, 编程; 前端; 生活; 随笔; 诗词
老镭, https://www.wolone.wang/, https://www.wolone.wang/feed/, 编程; 生活
YeungYeah 的乱写地, http://scottyeung.top/, http://scottyeung.top/atom.xml, 编程; 算法; 随笔; 玄学
hywel前端个人博客, http://www.hywel.cn/, , 编程; 前端; WEB; 随笔
LarsCheng, https://www.larscheng.com/, https://www.larscheng.com/atom.xml, 编程; Java; 生活
开发者小蓝, http://lanhao.name, , 编程
Origin, https://blog.singee.me/, https://blog.singee.me/atom.xml, 编程; Python; 全栈
码志, https://mazhuang.org/, https://mazhuang.org/feed.xml, 编程; Java; Android
北门清燕, https://www.bmqy.net/, https://www.bmqy.net/feed, 生活; 随笔; 前端
Joe's Blog, https://hijiangtao.github.io/, https://hijiangtao.github.io/feed.xml, 编程; 生活
Yuechuan Blog, https://yuechuanx.top/, https://yuechuanx.top/atom.xml, 编程; DevOps; Automation
BiHell, http://www.bihell.com/, http://www.bihell.com/feed.xml, 编程; 全栈; 生活
Jansora, http://www.jansora.com/, , 编程; 全栈
素生, http://z.arlmy.me/, http://z.arlmy.me/atom.xml, 随笔; 写作; 旅行; 日常; 读书
维基萌, https://www.wikimoe.com/, https://www.wikimoe.com/rss.php, 动画; 漫画; 游戏; 日常; 前端
strongwong's Blog, https://blog.strongwong.top/, https://blog.strongwong.top/atom.xml, 编程; 嵌入式; ASIC; 随笔
保罗的小宇宙, https://paugram.com, https://paugram.com/feed, 生活; 随笔; 前端; 动漫; 数码
typeblog, https://typeblog.net/, https://typeblog.net/rss/, Linux; 隐私; 随笔
HuoJu's BLOG, https://jhuo.ca/, https://jhuo.ca//./index.xml, 隐私; 随笔
MikeoPerfect's Diary, http://blog.mikeoperfect.com/, http://blog.mikeoperfect.com/atom.xml, 生活; 日志
myfreax, https://www.myfreax.com/, https://www.myfreax.com/feed/, 编程; 全栈; Linux
橙光笔记, https://www.kai666666.top/, https://www.kai666666.top/atom.xml, 编程; 前端; 笔记; 运动
Mobility, http://lichuanyang.top/, http://lichuanyang.top/atom.xml, 编程; 后端; java
not LSD, https://notlsd.github.io, https://notlsd.github.io/atom.xml, 编程; 游戏设计; 旅行
杯酒故事, https://beijiu.ink, , 文学; 小说; 诗歌
无文字, https://blog.imalan.cn/, , 前端; 编程; 日常; 互联网; 二次元; 读书
DuyaoSS, https://www.duyaoss.com/, , SS; SSR
木子, https://blog.502.li/, https://blog.502.li/atom.xml, Linux; 科学上网; 读书笔记; 运维; 隐私; android
wuxinhua's Blog, https://wuxinhua.com/, https://wuxinhua.com/atom.xml, 生活; 编程; 随想
Dasyatis, https://www.bobby285271.top/, , 编程; Linux
薛定喵君的博客, http://blog.xuedingmiao.com/, , 编程; 前端; 产品; 笔记
静之林, https://blog.shizuri.net/, https://blog.shizuri.net/feed, 生活; 随笔; 前端; 动漫
土木坛子, https://tumutanzi.com/, https://tumutanzi.com/feed, 科研学习; 社会人文; 信息技术; 国外见闻
爪哇堂, https://www.javatang.com/, https://www.javatang.com/feed, 编程; 笔记
暗无天日, https://www.lujun9972.win, https://www.lujun9972.win/rss.xml, Emacs; Linux
iNote, https://inote.xyz, https://inote.xyz/rss, 创业; 投资; 随笔
Ryan_naiquan, https://www.lpime.cn/, , 编程; C++; 后台
Grayson's blog, http://blog.grayson.org.cn/, http://blog.grayson.org.cn/feed.xml, 编程; Ruby; 全栈; 笔记; 后端; 前端; Linux
一个球, https://jw12138.com, https://jw12138.com/atom.xml, 前端; 生活; 技术; 音乐
王欣的博客, https://wangxin.io/, https://wangxin.io/atom.xml, 后端; 开源; RPC; 微服务
Jartto's Blog, http://jartto.wang/, http://jartto.wang/atom.xml, 前端; 架构; 人工智能
ScarSu的个人网站, https://www.scarsu.com/, https://www.scarsu.com/atom.xml, 编程; 前端; 思考
Lucien's Blog, https://blog.lucien.ink, https://blog.lucien.ink/feed/, 编程; 算法; 后端; ACM; 思考
TonyHe 的博客, https://www.ouorz.com, https://www.ouorz.com/feed, 编程; 思考; 前端; 笔记; 生活
HashTang 的个人空间, https://www.hxkj.vip, https://www.hxkj.vip/feed, 编程; 娱乐; 前端; 笔记
格物致知, https://liqiang.io, https://liqiang.io/atom.xml, 编程; 后台; Go; Kubernetes; 生活
黄琦雲的博客, https://knightyun.github.io/, https://knightyun.github.io/feed.xml, 编程; 前端; Linux; 技术
索菲外贸笔记, https://sophienotes.cn/, , 外贸; 随笔; 英语
阳志平的网志, https://www.yangzhiping.com/, , 认知科学; 随笔
陈华的个人主页, https://chenhua.name, https://chenhua.name/index.xml, 物理; 生活
Chores, https://raincorn.top/, https://raincorn.top/atom.xml, 计算机; 网络; 日常
顾宇的研习笔记, https://www.wizardbyron.cn/, https://www.wizardbyron.cn/index.xml, 编程; 微服务; DevOps; 研发效能; 研发体系; 云计算
小熊写字的地方, https://blog.skrskrskrskr.com, https://blog.skrskrskrskr.com/atom.xml, 编程; 前端; 随笔
编程沉思录, https://www.cyhone.com, https://www.cyhone.com/atom.xml, 编程; 后端
三点钟的太阳, https://iamxcb.com, https://iamxcb.com/atom.xml, 编程; 随笔; Golang; LeetCode
LiesAuer's Blog, https://www.liesauer.net/, https://www.liesauer.net/blog/feed/, 编程
Blog of Music, https://www.blogofmusic.com, http://www.blogofmusic.com/feed, 音乐; 音乐推荐; 音乐文化
Beyond the Void, https://www.byvoid.com/, https://www.byvoid.com/feed, 语言学; 经济学; 信息学竞赛/ACM经验; 算法讲解; 技术知识; 随笔
Yi's blog, https://wangyi.ai/, https://wangyi.ai/atom.xml, C++; LeetCode; Python; iOS; 工具活用; 译文; 读书笔记; 随笔
1 Byte, https://1byte.io/, https://1byte.io/rss.xml, 创业; 投资; 编程; 随笔
Inevitable, https://www.inevitable.tech, https://www.inevitable.tech/atom.xml, 大学; 编程; 随笔
构建我的被动收入, https://www.bmpi.dev, https://www.bmpi.dev/index.xml, 自我管理; 全栈开发; 投资交易; 网赚项目; 被动收入
61's life, https://61.life/, https://61.life/feed.xml, 创业; 管理; 产品
Power's Wiki, https://wiki-power.com, , 硬件; 编程; 生活方式; 读书
aiokr's daily, https://itypen.app/, https://itypen.app/atom.xml, 摄影; 文化产业; 新媒体
未知的世界, http://lulalap.com/, , 编程; 随笔
shingle's blog, https://shingle.me/, , 技术; 随笔
@Lenciel, https://lenciel.com/, https://lenciel.com/feed.xml, 技术; 管理; 创业; 吹水
M-x Chris-An-Emacser, https://chriszheng.science/, https://chriszheng.science/atom.xml, 随笔; Emacs
第七星尘的独立博客, https://blog.star7th.com, https://blog.star7th.com/feed, 编程; 开源; 技术人生
Chino's Workspace, https://chinomars.github.io/, https://chinomars.github.io/atom.xml, 编译器; 编程; 管理
Juuun's World, https://juuun.io, https://juuun.io/rss.xml, 设计; 设计工具; 设计系统; Figma; 编程
KurryLuo's Website, https://blog.kurryluo.com/, , 编程; 随笔
奶爸的天空, https://www.meirenji.info/, , 技术; 随笔
chattymoney(跟我一起来谈钱), https://chattymoney.com/, , 理财
TCPGNL, https://www.tcpgnl.com/, https://www.tcpgnl.com/feed, 认知; 编程; 随想; 生活; 思考
weirane's blog, https://weirane.github.io/, https://weirane.github.io/feed.xml, 编程; Linux; Rust
YDLAN'S BLOG, https://blog.ydlan.cn/, https://blog.ydlan.cn/atom.xml, 编程; 随笔
zhang0peter-记录生活, http://zhang0peter.com/, https://zhang0peter.com/atom.xml, Java
Joway's Blog, https://blog.joway.io/, https://blog.joway.io/index.xml, 编程; 旅行; 随笔
Mayx的博客, https://mabbs.github.io/, https://mabbs.github.io/atom.xml, 编程; 随笔; 生活
Rapiz's Blog, https://rapiz.me/, , 编程; 随笔
Ground Oddity, http://idle.systems/, http://idle.systems/atom.xml, 编程; 旅行; 生活
姬涛的个人网站, https://www.jitao.tech/, https://www.jitao.tech/rss.xml, 科技; 全栈; 笔记; 随笔
数字移民博客, https://blog.shuziyimin.org, https://blog.shuziyimin.org/feed, 数字移民; 生活方式; 英语
Becomin' Charles, https://sexywp.com, https://sexywp.com/feed, 编程; 随笔; 管理; 运维
Bob Jiang's Blog, https://bobjiang.com/, https://bobjiang.com/feed/, 敏捷; Scrum; 高效能组织; 个人成长
清言, https://plausistory.blog/, https://plausistory.blog/feed/, 人文; 清史研究; 读书
架构师修炼之道, https://tianmingxing.com, , 架构; 编程; 笔记
王二的个人网站, https://wangyulue.com, , 代码; 工具; 阅读; 文章
凉天客栈, https://earture.org, https://earture.org/atom.xml, 技术; 随笔; 音乐
杏子的书架, http://moe48.moe, , 编程; 随笔; 二次元; 小说
低头族, https://ditou.org, https://ditou.org/index.xml, 随笔; 技术
狂奔的骆驼, http://www.geektcp.com/, , 完全个性化博客; 技术; 文艺
影留, https://leftshadow.com, https://leftshadow.com/?call_custom_simple_rss=1&csrp_cat=11, 读书; 念经
wzyboy's blog, https://wzyboy.im/, https://wzyboy.im/feed.xml, 科技; 运维; 随笔
beyond stars, https://beyondstars.xyz/, https://beyondstars.xyz/posts/index.xml, 探索; 思考; 记录
iPotato, https://ipotato.me, https://ipotato.me/feed, 技术; 思考; 随笔
裂帛碎玉的想法, https://blog.vvzero.com, https://blog.vvzero.com/atom.xml, 硬件开发; 全栈开发; 生活
HCLonely, https://blog.hclonely.com/, https://blog.hclonely.com/atom.xml, 前端; 二次元; 随笔
樵夫的小站, https://geofftools.cn/blog/, https://geofftools.cn/blog/atom.xml, 编程; Swift; Python
电波障害, https://sund.site/, https://www.sund.site/index.xml, 数字生活; 文化; 架构
一个坏掉的番茄, https://tomotoes.com/, https://tomotoes.com/blog/atom.xml, 编程; 生活; 思考
DHTalk's Blog, https://zhangdinghao.cn/, https://zhangdinghao.cn/atom.xml, 编程; 阅读; 生活
shwei's blog, https://weisenhui.top/, https://weisenhui.top/atom.xml, 编程; 算法; 思考
MiaoTony's Blog, https://miaotony.xyz/, https://miaotony.xyz/atom.xml, 编程; 技术; 折腾; 生活; EE
ryank231231.blog, https://ryank231231.top, https://ryank231231.top/feed/, 生活; 随笔; 编程
RivenNero's Blog, https://rivennero.com/, https://rivennero.com/atom.xml, 计算机; 科技; 生活; 动漫
掘墓人的小铲子, https://juemuren4449.com/, https://juemuren4449.com/atom.xml, 编程; 微信; 支付; 效率
Oasis's Blog, https://blog.imoasis.cn, https://blog.imoasis.cn/feed, 技术; 随笔
Hwchiu Learning Note, https://hwchiu.com, https://hwchiu.com/atom.xml, 编程; 技术; Kubernetes; Linux; Networking
JieJiSS' Blog, https://blog.jiejiss.com, https://blog.jiejiss.com/atom.xml, 编程; 技术; 算法; 密码学; 随笔
the wandering potato 出遊的土豆, https://thewanderingpotato.github.io/, https://thewanderingpotato.github.io/feed.xml, 随笔; 生活; 摄影
小炒肉, https://jicki.me, https://jicki.me/feed.xml, Kubernetes; 运维; 编程
逸文笔记EvenNotes, https://www.evennotes.cn/, https://www.evennotes.cn/atom.xml, 时政; 哲学; 历史
Khan's Lab, https://yiti.ml, https://yiti.ml/atom.xml, 英语; 翻译; 工具; 笔记
桑河一榆, https://justpic.org/, https://justpic.org/index.xml, 代码; 工具; 阅读; 文章
Tinyfool的中文Blog, https://codechina.org/, https://codechina.org/feed/, 代码; 读书; 历史; 经济
琚致远, https://blog.shaoyaoju.org/, https://blog.shaoyaoju.org/feed/, 编程; 自由职业; 生活; 思考
老张说思路, https://www.aceact.com, https://www.aceact.com/feed/, 项目管理
